{
  "except":[
    "wasteland",
    "water",
    "ridge",
    "fence",
    "riverbank",
    "beach",
    "conduit",
    "ditch",
    "ocean",
    "graveyard",
    "the ship",
    "rock",
    "aeroplane",
    "shore",
    "dune",
    "mountainous region",
    "impoundment",
    "isolation strip",
    "misc",
    "sand",
    "plot",
    "rest area",
    "site",
    "train",
    "massif",
    "riffle",
    "seaboard",
    "bench",
    "debris area",
    "river bed",
    "separator",
    "watercourse",
    "street lamp",
    "rockily",
    "container",
    "dumping ground",
    "stash",
    "reservoir",
    "equipment",
    "rill",
    "pitcher",
    "canal",
    "cloud",
    "seaway",
    "rail",
    "island",
    "mountain range",
    "cistern",
    "boat",
    "desert",
    "solar panel"
  ],
  "others": [],
  "Impervious surfaces": [
    "way",
    "parking lot",
    "lane",
    "concrete floor",
    "highroad",
    "tennis court",
    "baseball field",
    "soccer field",
    "roundabout",
    "playground",
    "concrete road",
    "train track",
    "parking area",
    "gravel land",
    "park",
    "airstrip",
    "dumping ground",
    "reservoir",
    "helipad",
    "mountain road",
    "quay",
    "road",
    "golf course",
    "path",
    "basketball court",
    "expressway",
    "tarmac",
    "unpaved road",
    "parking space",
    "runway"
  ],
  "Building": [
    "structure",
    "tenement",
    "building",
    "rest area",
    "workshop",
    "dam",
    "storage tank",
    "stadium",
    "sewage treatment plant",
    "aerodrome",
    "bridge",
    "graveyard",
    "plastic greenhouse",
    "street lamp",
    "grandstand",
    "hamlet",
    "container",
    "solar power plant",
    "gazebo",
    "industrial park",
    "railway station",
    "roof",
    "refinery",
    "solar panel",
    "greenhouse",
    "factory",
    "cistern",
    "unit",
    "substation",
    "courtyard",
    "living quarter"
  ],
  "Low vegetation": [
    "meadow",
    "lawn",
    "bush",
    "green belt",
    "crop",
    "green plant",
    "brushwood"
  ],
  "Tree": [
    "tree",
    "forest land",
    "forest",
    "orchard",
    "grove"
  ],
  "Car": [
    "car"
  ]
}
