{
   "except": [
    "vehicle",
    "car",
    "truck",
    "boat",
    "bus",
    "coach bus",
    "cart",
    "golf cart",
    "airplane",
    "industrial material",
    "wood",
    "person",
    "train",
    "trailer",
    "aircraft",
    "golf course service vehicle",
    "player",
    "golf ball" 
  ],
  "Others": [],
  "Bareland": [
    "sand",
    "rock",
    "bare ground",
    "sand bunker",
    "gravel",
    "bare soil",
    "muddy ground",
    "sand trap",
    "stone",
    "golf course bunker",
    "soil",
    "sand pile",
    "bare land",
    "gravel pile"
  ],
  "Rangeland": [
    "grassland",
    "grass",
    "shrub",
    "greenbelt",
    "shrubbery",
    "shrubland",
    "vegetation",
    "hedge",
    "grassed area",
    "bush"
  ],
  "Developed space": [
    "parking lot",
    "sidewalk",
    "street lamp",
    "fence",
    "swimming pool",
    "wind turbine",
    "utility pole",
    "crosswalk",
    "tennis court",
    "grandstand",
    "tennis court perimeter",
    "basketball court",
    "solar panel",
    "roof",
    "seat",
    "baseball field outfield",
    "baseball field infield",
    "tennis net",
    "parking space",
    "lamp post",
    "industrial equipment",
    "street lamp pole",
    "pipeline",
    "stadium seating",
    "basketball hoop",
    "signboard",
    "stadium fence",
    "manhole cover",
    "tennis court infield",
    "baseball field",
    "apron",
    "bench",
    "awning",
    "soccer field",
    "helipad",
    "electrical box",
    "stadium perimeter",
    "net",
    "baseball infield",
    "baseball outfield",
    "tennis court net",
    "tennis court outer field",
    "backboard",
    "tennis court fence",
    "sun umbrella",
    "taxiway",
    "traffic light",
    "transmission tower",
    "parking area",
    "light pole",
    "construction equipment",
    "pole",
    "signal light",
    "trash can",
    "soccer goal",
    "bleacher",
    "park bench",
    "sport field",
    "structure",
    "basketball court perimeter",
    "base station",
    "notice board",
    "substation equipment",
    "residential area",
    "cemetery",
    "warehouse",
    "stone bench",
    "guardrail",
    "ditch",
    "wind turbine shadow",
    "electric wire",
    "athletics field",
    "stand",
    "signal tower",
    "lounge chair",
    "construction site",
    "soccer goal frame",
    "swimming pool perimeter",
    "dirt track",
    "power line pole",
    "goal"
  ],
  "Road": [
    "concrete ground",
    "path",
    "road",
    "roadway",
    "private driveway",
    "trail",
    "driveway",
    "roundabout",
    "dirt road",
    "gravel ground",
    "runway",
    "railway track",
    "highway",
    "gravel ground",
    "pavement",
    "railroad track",
    "overpass",
    "rail",
    "taxiway",
    "parking lane",
    "pathway",
    "paved area",
    "track",
    "railway",
    "gravel road",
    "athletic track",
    "rail track",
    "gravel area",
    "dirt track",
    "baseball diamond",
    "median strip",
    "guardrail",
    "ditch"
  ],
  "Tree": [
    "tree",
    "forest",
    "grove",
    "fruit tree"
  ],
  "Water": [
    "pond",
    "water body",
    "water",
    "river",
    "dock",
    "beach",
    "pier",
    "canal",
    "lake",
    "shoreline",
    "stream",
    "riverbank",
    "marina",
    "water area",
    "water hazard",
    "jetty",
    "circular water treatment pool",
    "water treatment pool",
    "waterbody",
    "square water treatment pool",
    "marina dock",
    "river embankment"
  ],
  "Agriculture land": [
    "crop field",
    "farmland",
    "golf course",
    "lawn",
    "field",
    "golf fairway",
    "putting green",
    "golf green",
    "orchard",
    "flower bed",
    "golf course fairway",
    "tee box",
    "agricultural field",
    "golf course green",
    "field ridge",
    "crop"
  ],
  "Building": [
    "building",
    "residential house",
    "storage tank",
    "water treatment tank",
    "bridge",
    "greenhouse",
    "shipping container",
    "bunker",
    "residential building",
    "industrial building",
    "wall",
    "house",
    "villa",
    "pavilion",
    "residential housing",
    "dam",
    "tombstone",
    "structure",
    "base station",
    "residential area",
    "cemetery",
    "warehouse",
    "small bridge",
    "terminal building"
  ]
}
