{
  "Others": [
    "wasteland",
    "concrete floor",
    "wind turbine",
    "ridge",
    "fence",
    "tennis court",
    "conduit",
    "graveyard",
    "rock",
    "sewage treatment plant",
    "dune",
    "mountainous region",
    "misc",
    "sand",
    "plot",
    "site",
    "massif",
    "bench",
    "debris area",
    "separator",
    "street lamp",
    "rockily",
    "container",
    "dumping ground",
    "solar power plant",
    "stash",
    "gazebo",
    "pitcher",
    "cloud",
    "solar panel",
    "basketball court",
    "island",
    "mountain range"
  ],
  "Building Flooded": [],
  "Building Non-Flooded": [
    "structure",
    "tenement",
    "storage tank",
    "stadium",
    "building",
    "workshop",
    "factory",
    "industrial park",
    "refinery",
    "plastic greenhouse",
    "grandstand",
    "hamlet",
    "block",
    "railway station",
    "courtyard",
    "living quarter",
    "substation",
    "greenhouse"
  ],
  "Road Flooded": [],
  "Road Non-Flooded": [
    "way",
    "parking lot",
    "lane",
    "highroad",
    "bridge",
    "isolation strip",
    "roundabout",
    "rest area",
    "concrete road",
    "train track",
    "parking area",
    "gravel land",
    "airstrip",
    "road",
    "expressway",
    "tarmac",
    "unpaved road",
    "parking space",
    "runway",
    "mountain road",
    "path"
  ],
  "Water": [
    "water",
    "riverbank",
    "beach",
    "ditch",
    "ocean",
    "shore",
    "canal",
    "river bed",
    "watercourse",
    "reservoir",
    "riffle",
    "seaboard",
    "impoundment",
    "dam",
    "seaway",
    "quay",
    "cistern"
  ],
  "Tree": [
    "tree",
    "bush",
    "vegetation",
    "forest land",
    "forest",
    "green plant",
    "grove",
    "orchard",
    "brushwood"
  ],
  "Vehicle": [
    "car",
    "aerodrome",
    "the ship",
    "aeroplane",
    "train",
    "the helipad",
    "rail",
    "boat"
  ],
  "Pool": [],
  "Grass": [
    "meadow",
    "clearing",
    "plowland",
    "field",
    "lawn",
    "baseball field",
    "green belt",
    "soccer field",
    "planting region",
    "crop",
    "terraced field",
    "golf course",
    "park",
    "playground"
  ]
}
