{
    "others": [
        "way", "tree", "meadow", "clearing", "structure", "tenement", "wasteland",
        "parking lot", "lane", "concrete floor", "highroad", "plowland", "field",
        "water", "wind turbine", "lawn", "ridge", "fence", "riverbank", "bush",
        "green belt", "beach", "conduit", "ditch", "ocean", "graveyard", "rock",
        "sewage treatment plant", "stadium", "vegetation", "shore", "dune",
        "mountainous region", "impoundment", "isolation strip", "misc", "sand",
        "plot", "playground", "building", "rest area", "workshop", "site",
        "planting region", "train", "concrete road", "massif", "dam", "crop",
        "riffle", "train track", "block", "parking area", "bench", "forest land",
        "debris area", "terraced field", "river bed", "plastic greenhouse",
        "separator", "watercourse", "street lamp", "grandstand", "hamlet",
        "gravel land", "park", "rockily", "container", "dumping ground",
        "solar power plant", "stash", "gazebo", "reservoir", "equipment",
        "industrial park", "green plant", "rill", "pitcher", "canal", "cloud",
        "railway station", "mountain road", "roof", "refinery", "forest",
        "road", "orchard", "solar panel", "golf course", "greenhouse", "path",
        "factory", "expressway", "rail", "tarmac", "unpaved road", "parking space",
        "brushwood", "island", "mountain range", "cistern", "unit",
        "substation", "courtyard", "desert", "grove", "living quarter"
    ],
    "large vehicle": [],
    "swimming pool": [],
    "helicopter": [],
    "bridge": ["bridge"],
    "plane": ["aeroplane"],
    "ship": ["the ship", "boat"],
    "soccer ball field": ["soccer field"],
    "basketball court": ["basketball court"],
    "ground track field": [],
    "small vehicle": ["car"],
    "baseball diamond": ["baseball field"],
    "tennis court": ["tennis court"],
    "roundabout": ["roundabout"],
    "storage tank": ["storage tank"],
    "harbor": ["seaboard", "quay", "seaway"],
    "container crane": [],
    "airport": ["aerodrome", "airstrip", "runway"],
    "helipad": ["the helipad"]
}