{
  "others": [
    "way", "tree", "meadow", "clearing", "structure", "tenement", "wasteland",
    "parking lot", "lane", "concrete floor", "highroad", "plowland", "field",
    "water", "lawn", "ridge", "fence", "riverbank", "bush", "green belt",
    "beach", "conduit", "ditch", "ocean", "graveyard", "rock", "soccer field",
    "sewage treatment plant", "vegetation", "shore", "dune", "mountainous region",
    "impoundment", "isolation strip", "misc", "sand", "plot", "roundabout",
    "playground", "building", "workshop", "site", "planting region", "concrete road",
    "massif", "crop", "riffle", "train track", "block", "parking area", "bench",
    "forest land", "debris area", "terraced field", "river bed", "plastic greenhouse",
    "separator", "watercourse", "street lamp", "grandstand", "hamlet",
    "gravel land", "park", "rockily", "container", "dumping ground", "solar power plant",
    "stash", "gazebo", "reservoir", "equipment", "industrial park", "green plant",
    "rill", "pitcher", "canal", "cloud", "mountain road", "roof", "refinery",
    "forest", "road", "orchard", "solar panel", "greenhouse", "path", "factory",
    "expressway", "tarmac", "unpaved road", "parking space", "brushwood",
    "island", "mountain range", "cistern", "unit", "substation", "courtyard",
    "desert", "grove", "living quarter"
  ],
  "airplane": ["aeroplane"],
  "airport": ["aerodrome", "airstrip", "the helipad", "runway"],
  "baseball field": ["baseball field"],
  "basketball court": ["basketball court"],
  "bridge": ["bridge"],
  "chimney": [],
  "expressway service area": ["rest area"],
  "expressway toll station": [],
  "dam": ["dam"],
  "golf field": ["golf course"],
  "ground track field": [],
  "harbor": ["seaboard", "seaway", "quay"],
  "overpass": [],
  "ship": ["the ship"],
  "stadium": ["stadium"],
  "storage tank": ["storage tank"],
  "tennis court": ["tennis court"],
  "train station": ["railway station"],
  "vehicle": ["car", "train", "boat", "rail"],
  "windmill": ["wind turbine"]
}