{
  "except": [
    "street lamp",
    "fence",
    "swimming pool",
    "pond",
    "water body",
    "wind turbine",
    "sand",
    "utility pole",
    "farmland",
    "trail",
    "water",
    "river",
    "golf course",
    "boat",
    "solar panel",
    "building material",
    "seat",
    "dock",
    "baseball field outfield",
    "baseball field infield",
    "tennis net",
    "storage tank",
    "lamp post",
    "dirt road",
    "field",
    "water treatment tank",
    "industrial equipment",
    "street lamp pole",
    "pipeline",
    "stadium seating",
    "basketball hoop",
    "signboard",
    "stadium fence",
    "bunker",
    "rock",
    "bare ground",
    "dock",
    "boat",
    "solar panel",
    "building material",
    "seat",
    "baseball field outfield",
    "baseball field infield",
    "tennis net",
    "storage tank",
    "lamp post",
    "dirt road",
    "field",
    "water treatment tank",
    "industrial equipment",
    "street lamp pole",
    "pipeline",
    "stadium seating",
    "basketball hoop",
    "signboard",
    "forest",
    "stadium fence",
    "bunker",
    "rock",
    "bare ground",
    "boat",
    "airplane",
    "canal",
    "tennis court net",
    "industrial material",
    "wood",
    "backboard",
    "lake",
    "tennis court fence",
    "sun umbrella",
    "person",
    "shoreline",
    "muddy ground",
    "traffic light",
    "sand trap",
    "train",
    "transmission tower",
    "stream",
    "riverbank",
    "stone",
    "light pole",
    "pathway",
    "construction equipment",
    "pole",
    "tee box",
    "signal light",
    "trash can",
    "marina",
    "soccer goal",
    "golf course bunker",
    "tombstone",
    "agricultural field",
    "bleacher",
    "park bench",
    "sport field",
    "structure",
    "aircraft",
    "water area",
    "soil",
    "water hazard",
    "jetty",
    "field ridge",
    "notice board",
    "substation equipment",
    "residential area",
    "cemetery",
    "ship",
    "stone bench",
    "guardrail",
    "water treatment pool",
    "bare land",
    "ditch",
    "wind turbine shadow",
    "electric wire",
    "player",
    "stand",
    "golf ball",
    "square water treatment pool",
    "signal tower",
    "lounge chair",
    "construction site",
    "marina dock",
    "soccer goal frame",
    "river embankment",
    "baseball diamond",
    "swimming pool perimeter",
    "dirt track",
    "power line pole",
    "goal"
  ],
  "others": [ ],
  "Impervious surfaces": [
    "concrete ground",
    "path",
    "road",
    "roadway",
    "parking lot",
    "sidewalk",
    "crosswalk",
    "private driveway",
    "tennis court",
    "driveway",
    "tennis court perimeter",
    "roundabout",
    "basketball court",
    "gravel ground",
    "runway",
    "railway track",
    "highway",
    "tennis court infield",
    "gravel",
    "helipad",
    "pavement",
    "stadium perimeter",
    "railroad track",
    "overpass",
    "concrete road",
    "tennis court outer field",
    "rail",
    "taxiway",
    "parking area",
    "parking lane",
    "track",
    "railway",
    "gravel road",
    "athletic track",
    "rail track",
    "basketball court perimeter",
    "athletics field",
    "gravel area",
    "gravel pile",
    "median strip"
  ],
  "Building": [
    "building",
    "residential house",
    "grandstand",
    "roof",
    "bridge",
    "greenhouse",
    "shipping container",
    "bunker",
    "dam",
    "warehouse",
    "small bridge",
    "terminal building"
  ],
  "Low vegetation": [
    "grassland",
    "grass",
    "shrub",
    "lawn",
    "greenbelt",
    "golf fairway",
    "putting green",
    "golf green",
    "orchard",
    "shrubbery",
    "golf course fairway",
    "flower bed",
    "golf course green",
    "vegetation",
    "crop",
    "hedge",
    "grassed area",
    "bush",
    "crop field"
  ],
  "Tree": [
    "tree",
    "forest",
    "grove",
    "fruit tree"
  ],
  "Car": [
    "vehicle",
    "car",
    "truck",
    "van",
    "bus",
    "coach bus",
    "golf cart",
    "cart",
    "trailer",
    "service vehicle",
    "heavy truck"
  ]
}
